id,dataset,annotator,ref,Jaccard,Dice,Sensitivity,Specificity,PPV,NPV,RelativeVolumeError,HausdorffDistance,ContourMeanDistance,SurfaceDistance,PPVL,SensL,F1_score,NbTestedLesions,VolTestedLesions
Testing_Center_01_Patient_01.nii,Dataset001_MSSEG_FLAIR_Annotator1,1,labelsTs_1,0.325615,0.491266,0.376884,0.999998,0.705329,0.999990,-46.566164,44.411851,9.846271,2.926536,1.000000,0.500000,0.666667,,
Testing_Center_01_Patient_02.nii,Dataset001_MSSEG_FLAIR_Annotator1,1,labelsTs_1,0.616828,0.763010,0.813144,0.999163,0.718699,0.999508,13.141184,21.513538,0.930672,0.000074,0.962963,0.649123,0.775494,,
Testing_Center_01_Patient_03.nii,Dataset001_MSSEG_FLAIR_Annotator1,1,labelsTs_1,0.552087,0.711412,0.692763,0.999759,0.731093,0.999710,-5.242762,43.334050,2.632213,0.000024,0.941176,0.548387,0.692994,,
Testing_Center_01_Patient_04.nii,Dataset001_MSSEG_FLAIR_Annotator1,1,labelsTs_1,0.607956,0.756185,0.899094,0.998617,0.652475,0.999708,37.797471,32.653918,1.177713,0.009208,0.370370,0.500000,0.425532,,
Testing_Center_01_Patient_05.nii,Dataset001_MSSEG_FLAIR_Annotator1,1,labelsTs_1,0.560514,0.718371,0.650719,0.999774,0.801721,0.999509,-18.834724,24.126029,1.676391,0.000169,0.807692,0.533333,0.642447,,
Testing_Center_01_Patient_06.nii,Dataset001_MSSEG_FLAIR_Annotator1,1,labelsTs_1,0.433408,0.604724,0.594751,0.998895,0.615037,0.998797,-3.298404,21.537834,2.571665,0.022315,0.862745,0.307229,0.453104,,
Testing_Center_01_Patient_07.nii,Dataset001_MSSEG_FLAIR_Annotator1,1,labelsTs_1,0.250915,0.401170,0.262493,0.999978,0.850487,0.999643,-69.136140,45.928745,6.192415,1.047543,0.590909,0.405405,0.480888,,
Testing_Center_01_Patient_08.nii,Dataset001_MSSEG_FLAIR_Annotator1,1,labelsTs_1,0.555011,0.713835,0.609744,0.999742,0.860783,0.998978,-29.164005,27.819601,1.601182,0.015247,0.836364,0.540230,0.656445,,
Testing_Center_01_Patient_09.nii,Dataset001_MSSEG_FLAIR_Annotator1,1,labelsTs_1,0.391165,0.562356,0.414378,0.999995,0.874732,0.999954,-52.628009,51.138819,8.469636,2.834705,0.833333,0.375000,0.517241,,
Testing_Center_01_Patient_10.nii,Dataset001_MSSEG_FLAIR_Annotator1,1,labelsTs_1,0.436397,0.607627,0.486356,0.999936,0.809463,0.999714,-39.916186,31.144608,2.430759,0.001394,0.681818,0.421053,0.520607,,
Testing_Center_03_Patient_01.nii,Dataset001_MSSEG_FLAIR_Annotator1,1,labelsTs_1,0.710511,0.830759,0.735113,0.999771,0.955016,0.998254,-23.026106,26.731045,1.248671,0.004585,0.666667,0.384615,0.487805,,
Testing_Center_03_Patient_02.nii,Dataset001_MSSEG_FLAIR_Annotator1,1,labelsTs_1,0.546374,0.706651,0.661411,0.999904,0.758535,0.999846,-12.804054,53.137707,2.059062,0.296016,0.739130,0.760000,0.749420,,
Testing_Center_03_Patient_03.nii,Dataset001_MSSEG_FLAIR_Annotator1,1,labelsTs_1,0.278548,0.435725,0.517913,0.999884,0.376050,0.999935,37.724701,41.794620,14.307061,0.000521,0.533333,0.538462,0.535885,,
Testing_Center_03_Patient_04.nii,Dataset001_MSSEG_FLAIR_Annotator1,1,labelsTs_1,0.189133,0.318103,0.344887,0.999877,0.295180,0.999902,16.839585,48.955615,14.976813,0.143365,0.230769,0.636364,0.338710,,
Testing_Center_03_Patient_05.nii,Dataset001_MSSEG_FLAIR_Annotator1,1,labelsTs_1,0.361259,0.530772,0.499415,0.999805,0.566329,0.999745,-11.815418,33.008898,3.630594,0.004954,0.642857,0.400000,0.493151,,
Testing_Center_03_Patient_06.nii,Dataset001_MSSEG_FLAIR_Annotator1,1,labelsTs_1,0.137503,0.241764,0.322828,0.999895,0.193240,0.999947,67.060626,48.861528,20.275669,5.590754,0.461538,0.600000,0.521739,,
Testing_Center_03_Patient_07.nii,Dataset001_MSSEG_FLAIR_Annotator1,1,labelsTs_1,0.465573,0.635346,0.473942,0.999913,0.963457,0.997460,-50.808139,26.588614,1.992303,0.000051,0.603774,0.400000,0.481203,,
Testing_Center_03_Patient_08.nii,Dataset001_MSSEG_FLAIR_Annotator1,1,labelsTs_1,0.444704,0.615634,0.487962,0.999889,0.833788,0.999415,-41.476484,29.571142,2.547244,0.001378,0.542857,0.470588,0.504146,,
Testing_Center_07_Patient_01.nii,Dataset001_MSSEG_FLAIR_Annotator1,1,labelsTs_1,0.449233,0.619960,0.539098,0.999868,0.729359,0.999696,-26.086057,32.784447,2.030877,0.268462,0.650000,0.923077,0.762836,,
Testing_Center_07_Patient_02.nii,Dataset001_MSSEG_FLAIR_Annotator1,1,labelsTs_1,0.162474,0.279531,0.241245,0.999915,0.332262,0.999867,-27.392996,26.870259,7.861818,0.031440,0.545455,0.692308,0.610169,,
Testing_Center_07_Patient_03.nii,Dataset001_MSSEG_FLAIR_Annotator1,1,labelsTs_1,0.444162,0.615114,0.495741,0.999888,0.810209,0.999516,-38.813174,40.520359,1.936449,0.283560,0.521739,0.736842,0.610909,,
Testing_Center_07_Patient_04.nii,Dataset001_MSSEG_FLAIR_Annotator1,1,labelsTs_1,0.399205,0.570617,0.729349,0.998928,0.468627,0.999649,55.635063,34.976494,4.118271,0.949635,0.611111,0.625000,0.617978,,
Testing_Center_07_Patient_05.nii,Dataset001_MSSEG_FLAIR_Annotator1,1,labelsTs_1,0.248003,0.397440,0.256693,0.999988,0.879892,0.999743,-70.826772,18.294193,3.293637,0.019888,0.272727,0.818182,0.409091,,
Testing_Center_07_Patient_06.nii,Dataset001_MSSEG_FLAIR_Annotator1,1,labelsTs_1,0.313330,0.477154,0.336401,0.999978,0.820426,0.999804,-58.996779,46.119667,9.718003,0.002871,0.857143,0.555556,0.674157,,
Testing_Center_07_Patient_07.nii,Dataset001_MSSEG_FLAIR_Annotator1,1,labelsTs_1,0.224329,0.366452,0.817522,0.998678,0.236153,0.999909,246.182728,29.408492,4.198514,0.001622,0.727273,0.512821,0.601504,,
Testing_Center_07_Patient_08.nii,Dataset001_MSSEG_FLAIR_Annotator1,1,labelsTs_1,0.000000,0.000000,0.000000,1.000000,-nan,0.999995,-100.000000,nan,nan,nan,0.000000,0.000000,0.000000,,
Testing_Center_07_Patient_09.nii,Dataset001_MSSEG_FLAIR_Annotator1,1,labelsTs_1,0.388145,0.559228,0.835830,0.998466,0.420178,0.999781,98.922635,26.453317,1.868228,0.000075,0.750000,0.687500,0.717391,,
Testing_Center_07_Patient_10.nii,Dataset001_MSSEG_FLAIR_Annotator1,1,labelsTs_1,0.484268,0.652535,0.820806,0.999205,0.541519,0.999795,51.574803,27.101304,1.573545,0.004346,0.615385,0.941176,0.744186,,
Testing_Center_08_Patient_01.nii,Dataset001_MSSEG_FLAIR_Annotator1,1,labelsTs_1,0.622279,0.767166,0.810562,0.999505,0.728181,0.999690,11.313156,24.837860,1.189488,0.000001,0.645161,0.614035,0.629213,,
Testing_Center_08_Patient_02.nii,Dataset001_MSSEG_FLAIR_Annotator1,1,labelsTs_1,0.460723,0.630815,0.626408,0.999946,0.635283,0.999944,-1.397026,45.929062,4.985417,0.342030,0.600000,0.727273,0.657534,,
Testing_Center_08_Patient_03.nii,Dataset001_MSSEG_FLAIR_Annotator1,1,labelsTs_1,0.244269,0.392631,0.330885,0.999964,0.482708,0.999932,-31.452421,57.990435,12.928979,1.876917,0.555556,0.300000,0.389610,,
Testing_Center_08_Patient_04.nii,Dataset001_MSSEG_FLAIR_Annotator1,1,labelsTs_1,0.319088,0.483801,0.358338,0.999585,0.744449,0.997841,-51.865283,33.372208,3.565740,0.000061,0.326087,0.365591,0.344711,,
Testing_Center_08_Patient_05.nii,Dataset001_MSSEG_FLAIR_Annotator1,1,labelsTs_1,0.093977,0.171808,0.665441,0.999944,0.098638,0.999997,574.632353,95.617475,43.961697,18.506306,0.400000,1.000000,0.571429,,
Testing_Center_08_Patient_06.nii,Dataset001_MSSEG_FLAIR_Annotator1,1,labelsTs_1,0.596344,0.747138,0.688488,0.999808,0.816710,0.999612,-15.699817,55.272068,1.280306,0.136098,0.892857,0.526667,0.662529,,
Testing_Center_08_Patient_07.nii,Dataset001_MSSEG_FLAIR_Annotator1,1,labelsTs_1,0.633796,0.775857,0.733711,0.999585,0.823139,0.999300,-10.864274,24.534762,1.285297,0.000266,0.744186,0.622642,0.678010,,
Testing_Center_08_Patient_08.nii,Dataset001_MSSEG_FLAIR_Annotator1,1,labelsTs_1,0.605363,0.754176,0.636436,0.999993,0.925367,0.999954,-31.223404,39.311184,3.500454,1.155272,0.571429,0.666667,0.615385,,
Testing_Center_08_Patient_09.nii,Dataset001_MSSEG_FLAIR_Annotator1,1,labelsTs_1,0.455519,0.625920,0.494136,0.999810,0.853561,0.998870,-42.108929,30.902315,1.931481,0.194953,0.750000,0.600000,0.666667,,
Testing_Center_08_Patient_10.nii,Dataset001_MSSEG_FLAIR_Annotator1,1,labelsTs_1,0.295221,0.455863,0.341400,0.999834,0.685790,0.999302,-50.217963,31.851118,2.542756,0.507857,0.464789,0.516854,0.489441,,
Testing_Center_01_Patient_01.nii,Dataset001_MSSEG_FLAIR_Annotator1,1,labelsTs_2,0.082295,0.152075,0.082338,1.000000,0.993730,0.999906,-91.714286,51.868081,16.539872,9.847184,0.000000,0.400000,0.000000,,
Testing_Center_01_Patient_02.nii,Dataset001_MSSEG_FLAIR_Annotator1,1,labelsTs_2,0.635519,0.777147,0.708008,0.999587,0.861250,0.998942,-17.792986,23.539254,0.997540,0.001032,0.925926,0.756757,0.832838,,
Testing_Center_01_Patient_03.nii,Dataset001_MSSEG_FLAIR_Annotator1,1,labelsTs_2,0.407133,0.578671,0.415617,0.999957,0.952258,0.998802,-56.354606,43.334050,3.570927,0.000166,0.705882,0.543478,0.614125,,
Testing_Center_01_Patient_04.nii,Dataset001_MSSEG_FLAIR_Annotator1,1,labelsTs_2,0.643934,0.783406,0.720987,0.999433,0.857659,0.998678,-15.935528,24.492706,0.917660,0.007244,0.444444,0.538462,0.486957,,
Testing_Center_01_Patient_05.nii,Dataset001_MSSEG_FLAIR_Annotator1,1,labelsTs_2,0.385444,0.556420,0.389754,0.999968,0.972110,0.998265,-59.906364,27.179165,2.867001,0.006149,0.634615,0.391304,0.484108,,
Testing_Center_01_Patient_06.nii,Dataset001_MSSEG_FLAIR_Annotator1,1,labelsTs_2,0.432392,0.603734,0.621348,0.998815,0.587091,0.998973,5.835055,25.161049,2.437179,0.050082,0.725490,0.506250,0.596359,,
Testing_Center_01_Patient_07.nii,Dataset001_MSSEG_FLAIR_Annotator1,1,labelsTs_2,0.211786,0.349544,0.217939,0.999982,0.882374,0.999526,-75.300809,46.001598,8.248634,2.549021,0.318182,0.360000,0.337802,,
Testing_Center_01_Patient_08.nii,Dataset001_MSSEG_FLAIR_Annotator1,1,labelsTs_2,0.508262,0.673970,0.572591,0.999664,0.818972,0.998867,-30.084165,26.734881,1.776606,0.019372,0.763636,0.686747,0.723154,,
Testing_Center_01_Patient_09.nii,Dataset001_MSSEG_FLAIR_Annotator1,1,labelsTs_2,0.208715,0.345350,0.210378,0.999999,0.963493,0.999866,-78.165052,74.944970,12.988262,3.738506,0.333333,0.235294,0.275862,,
Testing_Center_01_Patient_10.nii,Dataset001_MSSEG_FLAIR_Annotator1,1,labelsTs_2,0.343450,0.511295,0.362026,0.999957,0.870017,0.999487,-58.388576,30.844494,3.060616,0.099145,0.545455,0.500000,0.521739,,
Testing_Center_03_Patient_01.nii,Dataset001_MSSEG_FLAIR_Annotator1,1,labelsTs_2,0.595653,0.746595,0.610128,0.999805,0.961696,0.996882,-36.557082,23.023584,1.751933,0.000002,0.527778,0.287500,0.372232,,
Testing_Center_03_Patient_02.nii,Dataset001_MSSEG_FLAIR_Annotator1,1,labelsTs_2,0.485231,0.653408,0.569731,0.999907,0.765896,0.999771,-25.612451,27.819394,1.965365,0.289522,0.652174,0.750000,0.697674,,
Testing_Center_03_Patient_03.nii,Dataset001_MSSEG_FLAIR_Annotator1,1,labelsTs_2,0.253077,0.403929,0.372581,0.999896,0.441037,0.999861,-15.521628,37.346037,11.598475,0.001435,0.266667,0.666667,0.380952,,
Testing_Center_03_Patient_04.nii,Dataset001_MSSEG_FLAIR_Annotator1,1,labelsTs_2,0.142228,0.249037,0.208547,0.999879,0.309036,0.999795,-32.516792,48.113089,15.412574,0.121359,0.153846,0.400000,0.222222,,
Testing_Center_03_Patient_05.nii,Dataset001_MSSEG_FLAIR_Annotator1,1,labelsTs_2,0.420339,0.591886,0.528038,0.999853,0.673298,0.999729,-21.574396,44.122763,4.278161,0.005033,0.642857,0.526316,0.578778,,
Testing_Center_03_Patient_06.nii,Dataset001_MSSEG_FLAIR_Annotator1,1,labelsTs_2,0.139236,0.244437,0.338116,0.999895,0.191406,0.999951,76.648924,48.861528,20.380996,5.696527,0.461538,0.666667,0.545455,,
Testing_Center_03_Patient_07.nii,Dataset001_MSSEG_FLAIR_Annotator1,1,labelsTs_2,0.454630,0.625080,0.462842,0.999911,0.962436,0.997347,-51.909286,29.687336,2.358125,0.000050,0.603774,0.426471,0.499865,,
Testing_Center_03_Patient_08.nii,Dataset001_MSSEG_FLAIR_Annotator1,1,labelsTs_2,0.439184,0.610324,0.490527,0.999871,0.807544,0.999440,-39.256999,29.571142,2.488630,0.001343,0.571429,0.460000,0.509695,,
Testing_Center_07_Patient_01.nii,Dataset001_MSSEG_FLAIR_Annotator1,1,labelsTs_2,0.454333,0.624799,0.529012,0.999885,0.762944,0.999669,-30.661750,32.996213,2.569437,0.512726,0.600000,0.875000,0.711864,,
Testing_Center_07_Patient_02.nii,Dataset001_MSSEG_FLAIR_Annotator1,1,labelsTs_2,0.204840,0.340028,0.301325,0.999922,0.390139,0.999885,-22.764901,27.976782,4.574674,0.017912,0.727273,0.692308,0.709360,,
Testing_Center_07_Patient_03.nii,Dataset001_MSSEG_FLAIR_Annotator1,1,labelsTs_2,0.440846,0.611927,0.476184,0.999915,0.855916,0.999447,-44.365561,32.690669,2.659294,0.454663,0.521739,0.607143,0.561210,,
Testing_Center_07_Patient_04.nii,Dataset001_MSSEG_FLAIR_Annotator1,1,labelsTs_2,0.424513,0.596012,0.772953,0.998961,0.484990,0.999712,59.375000,34.812140,2.600131,0.000803,0.611111,0.785714,0.687500,,
Testing_Center_07_Patient_05.nii,Dataset001_MSSEG_FLAIR_Annotator1,1,labelsTs_2,0.350896,0.519501,0.369989,0.999987,0.871795,0.999850,-57.560137,18.760454,2.724780,0.031763,0.636364,0.833333,0.721649,,
Testing_Center_07_Patient_06.nii,Dataset001_MSSEG_FLAIR_Annotator1,1,labelsTs_2,0.296113,0.456924,0.309562,0.999984,0.872054,0.999764,-64.501992,46.119667,10.077115,0.003172,0.714286,0.555556,0.625000,,
Testing_Center_07_Patient_07.nii,Dataset001_MSSEG_FLAIR_Annotator1,1,labelsTs_2,0.360954,0.530443,0.749703,0.998979,0.410412,0.999763,82.670717,19.721737,2.280172,0.000002,0.787879,0.833333,0.809969,,
Testing_Center_07_Patient_08.nii,Dataset001_MSSEG_FLAIR_Annotator1,1,labelsTs_2,0.000000,0.000000,0.000000,1.000000,-nan,0.999991,-100.000000,nan,nan,nan,0.000000,0.000000,0.000000,,
Testing_Center_07_Patient_09.nii,Dataset001_MSSEG_FLAIR_Annotator1,1,labelsTs_2,0.432496,0.603836,0.740136,0.998703,0.509929,0.999526,45.144868,30.590016,1.591765,0.000215,0.750000,0.677419,0.711864,,
Testing_Center_07_Patient_10.nii,Dataset001_MSSEG_FLAIR_Annotator1,1,labelsTs_2,0.497318,0.664278,0.797595,0.999253,0.569146,0.999750,40.138981,27.422877,2.743288,0.070056,0.615385,0.785714,0.690196,,
Testing_Center_08_Patient_01.nii,Dataset001_MSSEG_FLAIR_Annotator1,1,labelsTs_2,0.539391,0.700785,0.626745,0.999625,0.794663,0.999137,-21.130738,24.585867,1.661439,0.000740,0.612903,0.509434,0.556399,,
Testing_Center_08_Patient_02.nii,Dataset001_MSSEG_FLAIR_Annotator1,1,labelsTs_2,0.491609,0.659166,0.588098,0.999963,0.749771,0.999922,-21.563004,45.074905,5.129129,0.293461,0.400000,1.000000,0.571429,,
Testing_Center_08_Patient_03.nii,Dataset001_MSSEG_FLAIR_Annotator1,1,labelsTs_2,0.251627,0.402080,0.332484,0.999966,0.508524,0.999929,-34.617834,58.176030,12.294205,0.004080,0.555556,0.700000,0.619469,,
Testing_Center_08_Patient_04.nii,Dataset001_MSSEG_FLAIR_Annotator1,1,labelsTs_2,0.332534,0.499100,0.373876,0.999595,0.750451,0.997964,-50.179834,36.134960,2.928331,0.000061,0.413043,0.397260,0.404998,,
Testing_Center_08_Patient_05.nii,Dataset001_MSSEG_FLAIR_Annotator1,1,labelsTs_2,0.102050,0.185200,0.383562,0.999945,0.122071,0.999988,214.212329,94.882824,43.467559,16.700397,0.300000,1.000000,0.461538,,
Testing_Center_08_Patient_06.nii,Dataset001_MSSEG_FLAIR_Annotator1,1,labelsTs_2,0.405009,0.576522,0.419770,0.999916,0.920110,0.998666,-54.378241,23.801833,2.504251,0.044140,0.428571,0.528000,0.473118,,
Testing_Center_08_Patient_07.nii,Dataset001_MSSEG_FLAIR_Annotator1,1,labelsTs_2,0.555920,0.714587,0.594482,0.999755,0.895509,0.998568,-33.615198,21.798592,1.473582,0.000000,0.627907,0.666667,0.646707,,
Testing_Center_08_Patient_08.nii,Dataset001_MSSEG_FLAIR_Annotator1,1,labelsTs_2,0.584069,0.737428,0.614651,0.999993,0.921500,0.999949,-33.298942,45.022022,3.630516,0.020668,0.285714,0.666667,0.400000,,
Testing_Center_08_Patient_09.nii,Dataset001_MSSEG_FLAIR_Annotator1,1,labelsTs_2,0.437140,0.608347,0.490438,0.999742,0.800895,0.998924,-38.763795,30.902315,1.943267,0.205761,0.710000,0.637097,0.671576,,
Testing_Center_08_Patient_10.nii,Dataset001_MSSEG_FLAIR_Annotator1,1,labelsTs_2,0.302112,0.464034,0.349153,0.999837,0.691585,0.999320,-49.514027,31.851118,4.304259,0.798920,0.478873,0.560976,0.516683,,
Testing_Center_01_Patient_01.nii,Dataset001_MSSEG_FLAIR_Annotator1,1,labelsTs_3,0.060021,0.113245,0.061448,0.999998,0.721003,0.999907,-91.477425,79.227227,58.194210,48.804279,1.000000,0.200000,0.333333,,
Testing_Center_01_Patient_02.nii,Dataset001_MSSEG_FLAIR_Annotator1,1,labelsTs_3,0.571583,0.727398,0.915874,0.998820,0.603255,0.999835,51.822049,20.626851,1.017589,0.000527,0.925926,0.545455,0.686499,,
Testing_Center_01_Patient_03.nii,Dataset001_MSSEG_FLAIR_Annotator1,1,labelsTs_3,0.584771,0.737988,0.756560,0.999750,0.720306,0.999793,5.033150,69.120884,3.114150,0.304271,0.941176,0.603448,0.735391,,
Testing_Center_01_Patient_04.nii,Dataset001_MSSEG_FLAIR_Annotator1,1,labelsTs_3,0.602050,0.751599,0.917042,0.998555,0.636728,0.999771,44.024123,31.015272,0.942567,0.021931,0.592593,0.460000,0.517945,,
Testing_Center_01_Patient_05.nii,Dataset001_MSSEG_FLAIR_Annotator1,1,labelsTs_3,0.565600,0.722535,0.602633,0.999888,0.902000,0.999322,-33.189320,29.262931,2.302457,0.000104,0.807692,0.330508,0.469072,,
Testing_Center_01_Patient_06.nii,Dataset001_MSSEG_FLAIR_Annotator1,1,labelsTs_3,0.421156,0.592695,0.587196,0.998847,0.598297,0.998792,-1.855451,21.468354,2.836070,0.020769,0.862745,0.302439,0.447874,,
Testing_Center_01_Patient_07.nii,Dataset001_MSSEG_FLAIR_Annotator1,1,labelsTs_3,0.312485,0.476173,0.323943,0.999985,0.898317,0.999720,-63.938929,55.549727,6.589628,1.954721,0.772727,0.347826,0.479718,,
Testing_Center_01_Patient_08.nii,Dataset001_MSSEG_FLAIR_Annotator1,1,labelsTs_3,0.573661,0.729078,0.753497,0.999455,0.706192,0.999572,6.698638,27.575832,1.568527,0.022284,0.909091,0.538462,0.676329,,
Testing_Center_01_Patient_09.nii,Dataset001_MSSEG_FLAIR_Annotator1,1,labelsTs_3,0.240682,0.387983,0.277046,0.999987,0.647101,0.999938,-57.186638,51.014980,16.879658,5.762014,0.666667,0.260870,0.375000,,
Testing_Center_01_Patient_10.nii,Dataset001_MSSEG_FLAIR_Annotator1,1,labelsTs_3,0.483525,0.651860,0.598753,0.999905,0.715305,0.999840,-16.294036,52.397722,3.087839,0.289184,0.954545,0.463415,0.623925,,
Testing_Center_03_Patient_01.nii,Dataset001_MSSEG_FLAIR_Annotator1,1,labelsTs_3,0.744112,0.853285,0.824769,0.999410,0.883843,0.999047,-6.683792,25.354237,1.095790,0.000038,0.777778,0.243697,0.371115,,
Testing_Center_03_Patient_02.nii,Dataset001_MSSEG_FLAIR_Annotator1,1,labelsTs_3,0.481827,0.650315,0.678535,0.999851,0.624349,0.999883,8.678769,28.428641,2.583313,0.096981,0.782609,0.575000,0.662930,,
Testing_Center_03_Patient_03.nii,Dataset001_MSSEG_FLAIR_Annotator1,1,labelsTs_3,0.269817,0.424970,0.560102,0.999877,0.342369,0.999950,63.595640,41.454028,12.178727,0.001032,0.533333,0.571429,0.551724,,
Testing_Center_03_Patient_04.nii,Dataset001_MSSEG_FLAIR_Annotator1,1,labelsTs_3,0.184172,0.311057,0.458888,0.999867,0.235265,0.999952,95.051389,49.684184,14.030178,0.165637,0.307692,0.500000,0.380952,,
Testing_Center_03_Patient_05.nii,Dataset001_MSSEG_FLAIR_Annotator1,1,labelsTs_3,0.449784,0.620484,0.668592,0.999811,0.578834,0.999871,15.506828,33.581327,3.451365,0.005508,0.642857,0.416667,0.505618,,
Testing_Center_03_Patient_06.nii,Dataset001_MSSEG_FLAIR_Annotator1,1,labelsTs_3,0.179647,0.304578,0.367234,0.999904,0.260186,0.999942,41.142751,51.810960,15.125031,3.493003,0.307692,0.500000,0.380952,,
Testing_Center_03_Patient_07.nii,Dataset001_MSSEG_FLAIR_Annotator1,1,labelsTs_3,0.614666,0.761354,0.649024,0.999811,0.920704,0.998817,-29.507898,20.176572,1.420226,0.000016,0.792453,0.542169,0.643843,,
Testing_Center_03_Patient_08.nii,Dataset001_MSSEG_FLAIR_Annotator1,1,labelsTs_3,0.519896,0.684120,0.784024,0.999737,0.606799,0.999888,29.206485,30.345206,2.242988,0.003638,0.714286,0.648649,0.679887,,
Testing_Center_07_Patient_01.nii,Dataset001_MSSEG_FLAIR_Annotator1,1,labelsTs_3,0.448485,0.619247,0.581104,0.999836,0.662748,0.999767,-12.319018,32.604186,3.567005,0.601057,0.800000,0.352941,0.489796,,
Testing_Center_07_Patient_02.nii,Dataset001_MSSEG_FLAIR_Annotator1,1,labelsTs_3,0.261060,0.414033,0.306269,0.999954,0.638800,0.999816,-52.055498,129.837670,17.520177,6.633097,1.000000,0.282051,0.440000,,
Testing_Center_07_Patient_03.nii,Dataset001_MSSEG_FLAIR_Annotator1,1,labelsTs_3,0.486276,0.654355,0.569635,0.999864,0.768677,0.999659,-25.894085,32.829841,2.945780,0.216637,0.782609,0.375000,0.507042,,
Testing_Center_07_Patient_04.nii,Dataset001_MSSEG_FLAIR_Annotator1,1,labelsTs_3,0.464062,0.633937,0.739346,0.999102,0.554834,0.999605,33.255248,36.685324,2.026990,0.120812,0.833333,0.465517,0.597345,,
Testing_Center_07_Patient_05.nii,Dataset001_MSSEG_FLAIR_Annotator1,1,labelsTs_3,0.340049,0.507517,0.383081,0.999975,0.751687,0.999878,-49.037139,94.229479,8.721096,3.314870,0.909091,0.391304,0.547112,,
Testing_Center_07_Patient_06.nii,Dataset001_MSSEG_FLAIR_Annotator1,1,labelsTs_3,0.338129,0.505376,0.360671,0.999981,0.843996,0.999818,-57.266187,68.048831,12.500934,2.376245,0.857143,0.217391,0.346821,,
Testing_Center_07_Patient_07.nii,Dataset001_MSSEG_FLAIR_Annotator1,1,labelsTs_3,0.311902,0.475495,0.658268,0.998913,0.372162,0.999665,76.876838,50.817633,2.388417,0.217855,0.818182,0.472973,0.599429,,
Testing_Center_07_Patient_08.nii,Dataset001_MSSEG_FLAIR_Annotator1,1,labelsTs_3,0.000000,0.000000,0.000000,1.000000,-nan,0.998910,-100.000000,nan,nan,nan,0.000000,0.000000,0.000000,,
Testing_Center_07_Patient_09.nii,Dataset001_MSSEG_FLAIR_Annotator1,1,labelsTs_3,0.392589,0.563826,0.755480,0.998544,0.449734,0.999615,67.983710,27.707541,2.117612,0.012861,0.850000,0.433628,0.574285,,
Testing_Center_07_Patient_10.nii,Dataset001_MSSEG_FLAIR_Annotator1,1,labelsTs_3,0.552744,0.711958,0.722695,0.999483,0.701535,0.999533,3.016298,52.476460,4.227757,0.976965,0.846154,0.250000,0.385965,,
Testing_Center_08_Patient_01.nii,Dataset001_MSSEG_FLAIR_Annotator1,1,labelsTs_3,0.645264,0.784390,0.781486,0.999612,0.787315,0.999599,-0.740412,30.120333,1.222183,0.019272,0.709677,0.423729,0.530632,,
Testing_Center_08_Patient_02.nii,Dataset001_MSSEG_FLAIR_Annotator1,1,labelsTs_3,0.566753,0.723475,0.660748,0.999970,0.799360,0.999939,-17.340385,26.286707,1.780466,0.053571,1.000000,0.500000,0.666667,,
Testing_Center_08_Patient_03.nii,Dataset001_MSSEG_FLAIR_Annotator1,1,labelsTs_3,0.365327,0.535150,0.534500,0.999968,0.535801,0.999967,-0.242954,54.830735,4.284418,0.287469,0.777778,0.466667,0.583333,,
Testing_Center_08_Patient_04.nii,Dataset001_MSSEG_FLAIR_Annotator1,1,labelsTs_3,0.535711,0.697671,0.612770,0.999692,0.809885,0.999171,-24.338658,35.800969,2.535451,0.000060,0.739130,0.314050,0.440805,,
Testing_Center_08_Patient_05.nii,Dataset001_MSSEG_FLAIR_Annotator1,1,labelsTs_3,0.080831,0.149573,0.346535,0.999944,0.095368,0.999989,263.366337,64.632323,29.784231,13.216313,0.400000,0.666667,0.500000,,
Testing_Center_08_Patient_06.nii,Dataset001_MSSEG_FLAIR_Annotator1,1,labelsTs_3,0.466371,0.636089,0.473991,0.999965,0.966677,0.998875,-50.967004,80.856132,3.947751,0.662433,0.904762,0.366120,0.521294,,
Testing_Center_08_Patient_07.nii,Dataset001_MSSEG_FLAIR_Annotator1,1,labelsTs_3,0.649710,0.787665,0.871022,0.999341,0.718870,0.999751,21.165468,21.798592,1.154920,0.000466,0.837209,0.698413,0.761538,,
Testing_Center_08_Patient_08.nii,Dataset001_MSSEG_FLAIR_Annotator1,1,labelsTs_3,0.350453,0.519015,0.362561,0.999992,0.912993,0.999859,-60.288698,52.043592,18.469495,7.320530,0.571429,0.266667,0.363636,,
Testing_Center_08_Patient_09.nii,Dataset001_MSSEG_FLAIR_Annotator1,1,labelsTs_3,0.540722,0.701908,0.605937,0.999785,0.834000,0.999298,-27.345735,39.598386,2.028930,0.199481,0.860000,0.427136,0.570782,,
Testing_Center_08_Patient_10.nii,Dataset001_MSSEG_FLAIR_Annotator1,1,labelsTs_3,0.350873,0.519476,0.361179,0.999960,0.924796,0.999137,-60.945005,92.165281,5.131569,2.207064,0.549296,0.326389,0.409472,,
Testing_Center_01_Patient_01.nii,Dataset001_MSSEG_FLAIR_Annotator1,1,labelsTs_4,0.184796,0.311946,0.187109,0.999999,0.937304,0.999966,-80.037547,50.528121,14.648626,7.686372,1.000000,0.333333,0.500000,,
Testing_Center_01_Patient_02.nii,Dataset001_MSSEG_FLAIR_Annotator1,1,labelsTs_4,0.611566,0.758971,0.801395,0.999169,0.720813,0.999468,11.179231,20.438135,0.938225,0.001536,0.925926,0.653846,0.766456,,
Testing_Center_01_Patient_03.nii,Dataset001_MSSEG_FLAIR_Annotator1,1,labelsTs_4,0.543611,0.704337,0.643575,0.999801,0.777768,0.999615,-17.253556,43.334050,3.052999,0.000022,0.941176,0.533333,0.680851,,
Testing_Center_01_Patient_04.nii,Dataset001_MSSEG_FLAIR_Annotator1,1,labelsTs_4,0.634945,0.776717,0.860831,0.998836,0.707578,0.999544,21.658908,25.602609,0.840404,0.018729,0.481481,0.483871,0.482673,,
Testing_Center_01_Patient_05.nii,Dataset001_MSSEG_FLAIR_Annotator1,1,labelsTs_4,0.533495,0.695790,0.579990,0.999851,0.869365,0.999282,-33.285743,25.203223,1.974974,0.000091,0.750000,0.443038,0.557029,,
Testing_Center_01_Patient_06.nii,Dataset001_MSSEG_FLAIR_Annotator1,1,labelsTs_4,0.459199,0.629385,0.594832,0.999047,0.668200,0.998693,-10.979950,21.537834,2.544498,0.025677,0.862745,0.298137,0.443139,,
Testing_Center_01_Patient_07.nii,Dataset001_MSSEG_FLAIR_Annotator1,1,labelsTs_4,0.225442,0.367935,0.231688,0.999984,0.893180,0.999557,-74.060289,45.928745,6.506147,0.965679,0.500000,0.444444,0.470588,,
Testing_Center_01_Patient_08.nii,Dataset001_MSSEG_FLAIR_Annotator1,1,labelsTs_4,0.552545,0.711792,0.604046,0.999752,0.866322,0.998947,-30.274662,28.058557,1.623919,0.015238,0.818182,0.528090,0.641882,,
Testing_Center_01_Patient_09.nii,Dataset001_MSSEG_FLAIR_Annotator1,1,labelsTs_4,0.421176,0.592714,0.441218,0.999996,0.902649,0.999958,-51.119664,51.138819,5.839104,0.055119,0.666667,0.461538,0.545455,,
Testing_Center_01_Patient_10.nii,Dataset001_MSSEG_FLAIR_Annotator1,1,labelsTs_4,0.435115,0.606384,0.452219,0.999973,0.920029,0.999627,-50.847326,31.144608,2.057111,0.013289,0.772727,0.500000,0.607143,,
Testing_Center_03_Patient_01.nii,Dataset001_MSSEG_FLAIR_Annotator1,1,labelsTs_4,0.717852,0.835755,0.745064,0.999754,0.951585,0.998348,-21.702885,32.088049,1.138481,0.027501,0.583333,0.387097,0.465374,,
Testing_Center_03_Patient_02.nii,Dataset001_MSSEG_FLAIR_Annotator1,1,labelsTs_4,0.566970,0.723651,0.698410,0.999901,0.750786,0.999872,-6.976092,53.137707,1.940275,0.309994,0.739130,0.791667,0.764497,,
Testing_Center_03_Patient_03.nii,Dataset001_MSSEG_FLAIR_Annotator1,1,labelsTs_4,0.274236,0.430432,0.534154,0.999881,0.360442,0.999941,48.194238,46.510836,17.490878,0.000552,0.466667,0.666667,0.549020,,
Testing_Center_03_Patient_04.nii,Dataset001_MSSEG_FLAIR_Annotator1,1,labelsTs_4,0.206559,0.342394,0.429772,0.999875,0.284543,0.999934,51.039057,48.955615,16.975899,0.168709,0.230769,0.666667,0.342857,,
Testing_Center_03_Patient_05.nii,Dataset001_MSSEG_FLAIR_Annotator1,1,labelsTs_4,0.424747,0.596242,0.508045,0.999875,0.721496,0.999686,-29.584567,28.044696,2.868247,0.004705,0.642857,0.550000,0.592814,,
Testing_Center_03_Patient_06.nii,Dataset001_MSSEG_FLAIR_Annotator1,1,labelsTs_4,0.142871,0.250021,0.339246,0.999896,0.197956,0.999950,71.374046,48.861528,20.380289,5.664054,0.461538,0.666667,0.545455,,
Testing_Center_03_Patient_07.nii,Dataset001_MSSEG_FLAIR_Annotator1,1,labelsTs_4,0.446885,0.617720,0.453594,0.999924,0.967963,0.997230,-53.139312,29.687336,2.469265,0.000050,0.622642,0.381579,0.473177,,
Testing_Center_03_Patient_08.nii,Dataset001_MSSEG_FLAIR_Annotator1,1,labelsTs_4,0.438305,0.609475,0.486825,0.999876,0.814736,0.999426,-40.247489,26.615393,2.419109,0.001329,0.600000,0.433962,0.503650,,
Testing_Center_07_Patient_01.nii,Dataset001_MSSEG_FLAIR_Annotator1,1,labelsTs_4,0.493358,0.660736,0.591462,0.999877,0.748391,0.999748,-20.968812,29.812756,2.290292,0.016474,0.600000,0.545455,0.571429,,
Testing_Center_07_Patient_02.nii,Dataset001_MSSEG_FLAIR_Annotator1,1,labelsTs_4,0.242718,0.390625,0.328228,0.999934,0.482315,0.999875,-31.947484,31.300819,5.378382,0.000003,0.636364,0.666667,0.651163,,
Testing_Center_07_Patient_03.nii,Dataset001_MSSEG_FLAIR_Annotator1,1,labelsTs_4,0.379959,0.550682,0.388276,0.999969,0.946636,0.999124,-58.983632,30.906967,2.861515,0.281847,0.434783,0.620690,0.511364,,
Testing_Center_07_Patient_04.nii,Dataset001_MSSEG_FLAIR_Annotator1,1,labelsTs_4,0.397298,0.568666,0.682938,0.998965,0.487153,0.999543,40.189573,21.629270,3.142065,0.453955,0.666667,0.571429,0.615385,,
Testing_Center_07_Patient_05.nii,Dataset001_MSSEG_FLAIR_Annotator1,1,labelsTs_4,0.312621,0.476331,0.328069,0.999987,0.869096,0.999820,-62.251656,18.674582,3.100391,0.031127,0.545455,0.818182,0.654545,,
Testing_Center_07_Patient_06.nii,Dataset001_MSSEG_FLAIR_Annotator1,1,labelsTs_4,0.250771,0.400986,0.256953,0.999989,0.912458,0.999680,-71.839444,46.845824,11.561588,0.004932,0.571429,0.500000,0.533333,,
Testing_Center_07_Patient_07.nii,Dataset001_MSSEG_FLAIR_Annotator1,1,labelsTs_4,0.276535,0.433258,0.595723,0.998858,0.340419,0.999600,74.996837,20.625342,3.068265,0.001409,0.606061,0.380952,0.467836,,
Testing_Center_07_Patient_08.nii,Dataset001_MSSEG_FLAIR_Annotator1,1,labelsTs_4,,,,,,,,,,,,,,0.000000,0.000000
Testing_Center_07_Patient_09.nii,Dataset001_MSSEG_FLAIR_Annotator1,1,labelsTs_4,0.426353,0.597823,0.632859,0.998852,0.566462,0.999130,11.721316,19.396734,1.838654,0.000391,0.725000,0.530303,0.612553,,
Testing_Center_07_Patient_10.nii,Dataset001_MSSEG_FLAIR_Annotator1,1,labelsTs_4,0.506551,0.672465,0.702253,0.999385,0.645100,0.999526,8.859566,26.053026,1.366251,0.005308,0.615385,0.437500,0.511416,,
Testing_Center_08_Patient_01.nii,Dataset001_MSSEG_FLAIR_Annotator1,1,labelsTs_4,0.596318,0.747117,0.784187,0.999478,0.713393,0.999642,9.923539,24.242528,1.196797,0.000001,0.612903,0.630435,0.621545,,
Testing_Center_08_Patient_02.nii,Dataset001_MSSEG_FLAIR_Annotator1,1,labelsTs_4,0.312674,0.476392,0.565463,0.999913,0.411563,0.999953,37.394035,45.001153,6.774598,0.422138,0.500000,0.750000,0.600000,,
Testing_Center_08_Patient_03.nii,Dataset001_MSSEG_FLAIR_Annotator1,1,labelsTs_4,0.278135,0.435220,0.382039,0.999966,0.505602,0.999943,-24.438719,59.177035,12.410631,1.425512,0.555556,0.500000,0.526316,,
Testing_Center_08_Patient_04.nii,Dataset001_MSSEG_FLAIR_Annotator1,1,labelsTs_4,0.327819,0.493771,0.368771,0.999589,0.746967,0.997929,-50.630970,32.683809,3.389673,0.000061,0.413043,0.342466,0.374458,,
Testing_Center_08_Patient_05.nii,Dataset001_MSSEG_FLAIR_Annotator1,1,labelsTs_4,0.104959,0.189978,0.473913,0.999945,0.118801,0.999992,298.913043,94.657924,43.576870,17.387661,0.400000,1.000000,0.571429,,
Testing_Center_08_Patient_06.nii,Dataset001_MSSEG_FLAIR_Annotator1,1,labelsTs_4,0.553138,0.712284,0.611498,0.999846,0.852850,0.999432,-28.299433,30.904389,1.324299,0.039718,0.892857,0.530612,0.665643,,
Testing_Center_08_Patient_07.nii,Dataset001_MSSEG_FLAIR_Annotator1,1,labelsTs_4,0.623646,0.768204,0.764137,0.999466,0.772315,0.999441,-1.058829,32.658489,1.602866,0.000448,0.581395,0.727273,0.646204,,
Testing_Center_08_Patient_08.nii,Dataset001_MSSEG_FLAIR_Annotator1,1,labelsTs_4,0.608906,0.756919,0.640353,0.999993,0.925367,0.999954,-30.800107,53.646677,3.966670,0.933983,0.571429,0.800000,0.666667,,
Testing_Center_08_Patient_09.nii,Dataset001_MSSEG_FLAIR_Annotator1,1,labelsTs_4,0.420574,0.592118,0.465502,0.999758,0.813348,0.998792,-42.767225,30.902315,2.170527,0.192318,0.710000,0.557252,0.624420,,
Testing_Center_08_Patient_10.nii,Dataset001_MSSEG_FLAIR_Annotator1,1,labelsTs_4,0.284295,0.442725,0.323708,0.999842,0.700148,0.999229,-53.765778,31.851118,4.320640,0.767242,0.464789,0.393939,0.426441,,
Testing_Center_01_Patient_01.nii,Dataset001_MSSEG_FLAIR_Annotator1,1,labelsTs_5,0.173153,0.295192,0.174333,1.000000,0.962382,0.999961,-81.885292,50.528121,13.966631,7.234232,1.000000,0.333333,0.500000,,
Testing_Center_01_Patient_02.nii,Dataset001_MSSEG_FLAIR_Annotator1,1,labelsTs_5,0.646246,0.785115,0.807719,0.999297,0.763741,0.999459,5.758233,19.977974,0.831247,0.001528,0.925926,0.702128,0.798645,,
Testing_Center_01_Patient_03.nii,Dataset001_MSSEG_FLAIR_Annotator1,1,labelsTs_5,0.579700,0.733937,0.679496,0.999819,0.797860,0.999663,-14.835193,43.334050,2.751165,0.000023,0.941176,0.548387,0.692994,,
Testing_Center_01_Patient_04.nii,Dataset001_MSSEG_FLAIR_Annotator1,1,labelsTs_5,0.636795,0.778100,0.888531,0.998775,0.692084,0.999654,28.384762,25.602609,0.792316,0.008221,0.407407,0.500000,0.448980,,
Testing_Center_01_Patient_05.nii,Dataset001_MSSEG_FLAIR_Annotator1,1,labelsTs_5,0.565571,0.722511,0.626591,0.999832,0.853105,0.999420,-26.551742,25.398008,1.790745,0.000000,0.788462,0.488372,0.603152,,
Testing_Center_01_Patient_06.nii,Dataset001_MSSEG_FLAIR_Annotator1,1,labelsTs_5,0.441892,0.612934,0.582824,0.998984,0.646324,0.998672,-9.824848,24.196129,2.693213,0.021567,0.862745,0.295858,0.440617,,
Testing_Center_01_Patient_07.nii,Dataset001_MSSEG_FLAIR_Annotator1,1,labelsTs_5,0.214028,0.352592,0.228907,0.999965,0.767050,0.999614,-70.157539,45.928745,6.981339,1.064241,0.545455,0.387097,0.452830,,
Testing_Center_01_Patient_08.nii,Dataset001_MSSEG_FLAIR_Annotator1,1,labelsTs_5,0.551974,0.711319,0.591826,0.999798,0.891271,0.998860,-33.597567,28.058557,1.658576,0.015075,0.818182,0.545455,0.654545,,
Testing_Center_01_Patient_09.nii,Dataset001_MSSEG_FLAIR_Annotator1,1,labelsTs_5,0.387126,0.558170,0.399567,0.999997,0.925555,0.999949,-56.829419,51.138819,5.651065,0.053099,0.500000,0.461538,0.480000,,
Testing_Center_01_Patient_10.nii,Dataset001_MSSEG_FLAIR_Annotator1,1,labelsTs_5,0.414896,0.586468,0.427283,0.999978,0.934691,0.999581,-54.286232,31.783184,2.478792,0.083602,0.727273,0.500000,0.592593,,
Testing_Center_03_Patient_01.nii,Dataset001_MSSEG_FLAIR_Annotator1,1,labelsTs_5,0.717134,0.835269,0.744874,0.999749,0.950634,0.998348,-21.644519,32.088049,1.173202,0.027240,0.527778,0.403226,0.457170,,
Testing_Center_03_Patient_02.nii,Dataset001_MSSEG_FLAIR_Annotator1,1,labelsTs_5,0.610000,0.757764,0.729005,0.999916,0.788885,0.999884,-7.590405,53.137707,1.416505,0.311728,0.782609,0.782609,0.782609,,
Testing_Center_03_Patient_03.nii,Dataset001_MSSEG_FLAIR_Annotator1,1,labelsTs_5,0.267690,0.422327,0.511151,0.999881,0.359803,0.999936,42.064315,46.510836,17.348120,0.000544,0.466667,0.666667,0.549020,,
Testing_Center_03_Patient_04.nii,Dataset001_MSSEG_FLAIR_Annotator1,1,labelsTs_5,0.206559,0.342394,0.429772,0.999875,0.284543,0.999934,51.039057,48.955615,16.975899,0.168709,0.230769,0.666667,0.342857,,
Testing_Center_03_Patient_05.nii,Dataset001_MSSEG_FLAIR_Annotator1,1,labelsTs_5,0.411295,0.582862,0.499689,0.999865,0.699254,0.999685,-28.539709,28.321496,3.112564,0.004982,0.642857,0.500000,0.562500,,
Testing_Center_03_Patient_06.nii,Dataset001_MSSEG_FLAIR_Annotator1,1,labelsTs_5,0.135690,0.238956,0.307012,0.999895,0.195598,0.999943,56.960724,48.227713,20.319143,5.486599,0.384615,0.666667,0.487805,,
Testing_Center_03_Patient_07.nii,Dataset001_MSSEG_FLAIR_Annotator1,1,labelsTs_5,0.444002,0.614961,0.450180,0.999929,0.970018,0.997186,-53.590523,29.687336,2.406288,0.000050,0.641509,0.391304,0.486100,,
Testing_Center_03_Patient_08.nii,Dataset001_MSSEG_FLAIR_Annotator1,1,labelsTs_5,0.438632,0.609791,0.483889,0.999883,0.824250,0.999413,-41.293346,29.571142,2.431600,0.001311,0.571429,0.458333,0.508671,,
Testing_Center_07_Patient_01.nii,Dataset001_MSSEG_FLAIR_Annotator1,1,labelsTs_5,0.553926,0.712938,0.662344,0.999889,0.771900,0.999808,-14.193084,32.784447,1.865093,0.323411,0.750000,0.875000,0.807692,,
Testing_Center_07_Patient_02.nii,Dataset001_MSSEG_FLAIR_Annotator1,1,labelsTs_5,0.221168,0.362224,0.409459,0.999914,0.324759,0.999940,26.081081,27.571685,7.932223,0.013801,0.727273,0.750000,0.738462,,
Testing_Center_07_Patient_03.nii,Dataset001_MSSEG_FLAIR_Annotator1,1,labelsTs_5,0.547864,0.707897,0.593133,0.999928,0.877726,0.999646,-32.423957,32.363464,1.805402,0.011450,0.652174,0.703704,0.676960,,
Testing_Center_07_Patient_04.nii,Dataset001_MSSEG_FLAIR_Annotator1,1,labelsTs_5,0.324783,0.490319,0.836951,0.998683,0.346721,0.999864,141.390566,29.882812,3.152848,0.189645,0.666667,0.363636,0.470588,,
Testing_Center_07_Patient_05.nii,Dataset001_MSSEG_FLAIR_Annotator1,1,labelsTs_5,0.472141,0.641434,0.508287,0.999987,0.869096,0.999915,-41.515391,17.823162,2.392882,0.004084,0.818182,0.750000,0.782609,,
Testing_Center_07_Patient_06.nii,Dataset001_MSSEG_FLAIR_Annotator1,1,labelsTs_5,0.238234,0.384796,0.243251,0.999990,0.920314,0.999652,-73.568674,64.938942,11.555257,0.004864,0.571429,0.500000,0.533333,,
Testing_Center_07_Patient_07.nii,Dataset001_MSSEG_FLAIR_Annotator1,1,labelsTs_5,0.244842,0.393371,0.754667,0.998730,0.266016,0.999850,183.692308,30.356326,4.656794,0.000183,0.727273,0.411765,0.525822,,
Testing_Center_07_Patient_08.nii,Dataset001_MSSEG_FLAIR_Annotator1,1,labelsTs_5,0.000000,0.000000,0.000000,1.000000,-nan,0.999998,-100.000000,nan,nan,nan,0.000000,0.000000,0.000000,,
Testing_Center_07_Patient_09.nii,Dataset001_MSSEG_FLAIR_Annotator1,1,labelsTs_5,0.365475,0.535308,0.787439,0.998428,0.405478,0.999710,94.200140,25.361710,1.674279,0.001186,0.775000,0.464789,0.581085,,
Testing_Center_07_Patient_10.nii,Dataset001_MSSEG_FLAIR_Annotator1,1,labelsTs_5,0.432304,0.603649,0.936600,0.999039,0.445336,0.999948,110.312862,26.515195,2.019466,0.000000,0.615385,0.764706,0.681967,,
Testing_Center_08_Patient_01.nii,Dataset001_MSSEG_FLAIR_Annotator1,1,labelsTs_5,0.567552,0.724126,0.806134,0.999375,0.657262,0.999712,22.650443,24.837860,1.493431,0.000001,0.612903,0.681818,0.645527,,
Testing_Center_08_Patient_02.nii,Dataset001_MSSEG_FLAIR_Annotator1,1,labelsTs_5,0.382733,0.553589,0.709539,0.999919,0.453839,0.999972,56.341551,66.541967,11.710726,3.326014,0.400000,0.833333,0.540541,,
Testing_Center_08_Patient_03.nii,Dataset001_MSSEG_FLAIR_Annotator1,1,labelsTs_5,0.261071,0.414047,0.356415,0.999965,0.493911,0.999938,-27.838313,64.377916,14.168233,2.352430,0.555556,0.400000,0.465116,,
Testing_Center_08_Patient_04.nii,Dataset001_MSSEG_FLAIR_Annotator1,1,labelsTs_5,0.349457,0.517923,0.410855,0.999514,0.700462,0.998373,-41.345183,35.800969,2.711262,0.000067,0.434783,0.392857,0.412758,,
Testing_Center_08_Patient_05.nii,Dataset001_MSSEG_FLAIR_Annotator1,1,labelsTs_5,0.098280,0.178971,0.500000,0.999945,0.108992,0.999993,358.750000,95.617475,43.969926,17.701062,0.400000,1.000000,0.571429,,
Testing_Center_08_Patient_06.nii,Dataset001_MSSEG_FLAIR_Annotator1,1,labelsTs_5,0.585681,0.738712,0.631731,0.999884,0.889313,0.999456,-28.964137,55.934169,1.522605,0.173474,0.904762,0.500000,0.644068,,
Testing_Center_08_Patient_07.nii,Dataset001_MSSEG_FLAIR_Annotator1,1,labelsTs_5,0.636502,0.777881,0.725663,0.999621,0.838197,0.999257,-13.425799,21.798592,1.153825,0.000384,0.744186,0.711538,0.727496,,
Testing_Center_08_Patient_08.nii,Dataset001_MSSEG_FLAIR_Annotator1,1,labelsTs_5,0.540668,0.701862,0.562471,0.999994,0.933101,0.999936,-39.720280,53.247870,4.036055,1.278698,0.571429,0.571429,0.571429,,
Testing_Center_08_Patient_09.nii,Dataset001_MSSEG_FLAIR_Annotator1,1,labelsTs_5,0.430243,0.601636,0.477106,0.999759,0.814132,0.998846,-41.396897,30.902315,2.112406,0.203024,0.720000,0.561151,0.630728,,
Testing_Center_08_Patient_10.nii,Dataset001_MSSEG_FLAIR_Annotator1,1,labelsTs_5,0.288114,0.447342,0.329153,0.999841,0.697959,0.999250,-52.840616,56.478118,3.730857,0.843651,0.492958,0.392523,0.437045,,
Testing_Center_01_Patient_01.nii,Dataset001_MSSEG_FLAIR_Annotator1,1,labelsTs_6,0.382940,0.553806,0.476298,0.999997,0.661442,0.999994,-27.990971,13.759959,4.491592,0.034047,1.000000,0.666667,0.800000,,
Testing_Center_01_Patient_02.nii,Dataset001_MSSEG_FLAIR_Annotator1,1,labelsTs_6,0.564022,0.721246,0.923744,0.998785,0.591566,0.999855,56.152206,19.480434,0.837838,0.000829,0.962963,0.767442,0.854156,,
Testing_Center_01_Patient_03.nii,Dataset001_MSSEG_FLAIR_Annotator1,1,labelsTs_6,0.616007,0.762381,0.719715,0.999830,0.810426,0.999718,-11.192989,43.334050,2.216189,0.000130,0.941176,0.627451,0.752941,,
Testing_Center_01_Patient_04.nii,Dataset001_MSSEG_FLAIR_Annotator1,1,labelsTs_6,0.687508,0.814820,0.914195,0.998945,0.734932,0.999725,24.391703,33.516338,1.167226,0.008414,0.333333,0.550000,0.415094,,
Testing_Center_01_Patient_05.nii,Dataset001_MSSEG_FLAIR_Annotator1,1,labelsTs_6,0.592401,0.744035,0.661076,0.999830,0.850803,0.999503,-22.299740,25.422635,1.603909,0.033191,0.826923,0.459770,0.590964,,
Testing_Center_01_Patient_06.nii,Dataset001_MSSEG_FLAIR_Annotator1,1,labelsTs_6,0.530457,0.693200,0.670749,0.999188,0.717207,0.998989,-6.477715,19.773415,1.657620,0.018464,0.901961,0.425926,0.578616,,
Testing_Center_01_Patient_07.nii,Dataset001_MSSEG_FLAIR_Annotator1,1,labelsTs_6,0.379660,0.550367,0.705850,0.999918,0.451019,0.999972,56.501248,32.268487,5.136008,0.319663,0.590909,0.733333,0.654462,,
Testing_Center_01_Patient_08.nii,Dataset001_MSSEG_FLAIR_Annotator1,1,labelsTs_6,0.600934,0.750729,0.799518,0.999458,0.707552,0.999671,12.997768,21.528552,1.027238,0.002490,0.836364,0.637681,0.723632,,
Testing_Center_01_Patient_09.nii,Dataset001_MSSEG_FLAIR_Annotator1,1,labelsTs_6,0.491863,0.659394,0.756957,0.999985,0.584109,0.999993,29.591837,38.562492,1.014128,0.214378,0.666667,0.750000,0.705882,,
Testing_Center_01_Patient_10.nii,Dataset001_MSSEG_FLAIR_Annotator1,1,labelsTs_6,0.499265,0.666013,0.687537,0.999882,0.645795,0.999902,6.463590,38.835657,4.143426,0.078934,0.727273,0.650000,0.686469,,
Testing_Center_03_Patient_01.nii,Dataset001_MSSEG_FLAIR_Annotator1,1,labelsTs_6,0.785156,0.879650,0.871183,0.999433,0.888283,0.999334,-1.924986,27.255290,0.647655,0.019513,0.611111,0.578947,0.594595,,
Testing_Center_03_Patient_02.nii,Dataset001_MSSEG_FLAIR_Annotator1,1,labelsTs_6,0.337015,0.504130,0.782814,0.999751,0.371777,0.999959,110.560189,29.614885,5.165921,0.127104,0.695652,0.863636,0.770596,,
Testing_Center_03_Patient_03.nii,Dataset001_MSSEG_FLAIR_Annotator1,1,labelsTs_6,0.192858,0.323354,0.930152,0.999850,0.195692,0.999997,375.314534,47.032158,21.674306,12.222938,0.266667,1.000000,0.421053,,
Testing_Center_03_Patient_04.nii,Dataset001_MSSEG_FLAIR_Annotator1,1,labelsTs_6,0.185345,0.312728,0.657903,0.999861,0.205113,0.999981,220.751174,49.304257,17.610627,0.203652,0.461538,0.545455,0.500000,,
Testing_Center_03_Patient_05.nii,Dataset001_MSSEG_FLAIR_Annotator1,1,labelsTs_6,0.342438,0.510173,0.837791,0.999715,0.366754,0.999968,128.434173,48.542299,8.455305,1.532294,0.571429,0.533333,0.551724,,
Testing_Center_03_Patient_06.nii,Dataset001_MSSEG_FLAIR_Annotator1,1,labelsTs_6,0.105178,0.190337,0.668508,0.999884,0.110966,0.999993,502.446725,52.310174,25.280714,14.788127,0.307692,0.833333,0.449438,,
Testing_Center_03_Patient_07.nii,Dataset001_MSSEG_FLAIR_Annotator1,1,labelsTs_6,0.572400,0.728059,0.621198,0.999713,0.879324,0.998726,-29.355083,31.744858,1.798124,0.256999,0.886792,0.580247,0.701493,,
Testing_Center_03_Patient_08.nii,Dataset001_MSSEG_FLAIR_Annotator1,1,labelsTs_6,0.413338,0.584910,0.765043,0.999648,0.473437,0.999903,61.593307,41.436379,7.757317,1.852562,0.657143,0.609756,0.632563,,
Testing_Center_07_Patient_01.nii,Dataset001_MSSEG_FLAIR_Annotator1,1,labelsTs_6,0.526386,0.689716,0.723640,0.999834,0.658830,0.999877,9.837073,19.129232,1.352782,0.043103,0.800000,0.789474,0.794702,,
Testing_Center_07_Patient_02.nii,Dataset001_MSSEG_FLAIR_Annotator1,1,labelsTs_6,0.242254,0.390023,0.413959,0.999920,0.368703,0.999934,12.274368,131.944891,15.343172,5.740102,0.909091,0.476190,0.625000,,
Testing_Center_07_Patient_03.nii,Dataset001_MSSEG_FLAIR_Annotator1,1,labelsTs_6,0.554471,0.713389,0.641021,0.999885,0.804176,0.999735,-20.288515,58.176280,2.779753,1.005758,0.652174,0.562500,0.604027,,
Testing_Center_07_Patient_04.nii,Dataset001_MSSEG_FLAIR_Annotator1,1,labelsTs_6,0.377535,0.548131,0.907216,0.998775,0.392698,0.999919,131.021556,32.972915,2.545381,0.001203,0.722222,0.375000,0.493671,,
Testing_Center_07_Patient_05.nii,Dataset001_MSSEG_FLAIR_Annotator1,1,labelsTs_6,0.430380,0.601770,0.534591,0.999969,0.688259,0.999940,-22.327044,15.850340,2.049378,0.084988,0.818182,0.666667,0.734694,,
Testing_Center_07_Patient_06.nii,Dataset001_MSSEG_FLAIR_Annotator1,1,labelsTs_6,0.268662,0.423536,0.285995,0.999978,0.815937,0.999753,-64.948859,70.249627,6.219647,1.958747,0.714286,0.454545,0.555556,,
Testing_Center_07_Patient_07.nii,Dataset001_MSSEG_FLAIR_Annotator1,1,labelsTs_6,0.350209,0.518748,0.783887,0.998940,0.387636,0.999815,102.222547,15.576904,1.686954,0.000240,0.878788,0.486111,0.625964,,
Testing_Center_07_Patient_08.nii,Dataset001_MSSEG_FLAIR_Annotator1,1,labelsTs_6,,,,,,,,,,,,,,0.000000,0.000000
Testing_Center_07_Patient_09.nii,Dataset001_MSSEG_FLAIR_Annotator1,1,labelsTs_6,0.392750,0.563992,0.812161,0.998498,0.431991,0.999735,88.004267,26.933962,1.771566,0.000753,0.775000,0.545455,0.640275,,
Testing_Center_07_Patient_10.nii,Dataset001_MSSEG_FLAIR_Annotator1,1,labelsTs_6,0.506482,0.672404,0.879435,0.999210,0.544274,0.999871,61.579550,21.275198,1.911105,0.052104,0.692308,0.529412,0.600000,,
Testing_Center_08_Patient_01.nii,Dataset001_MSSEG_FLAIR_Annotator1,1,labelsTs_6,0.538247,0.699819,0.745223,0.999380,0.659630,0.999589,12.975877,24.028397,1.394021,0.000338,0.612903,0.616667,0.614779,,
Testing_Center_08_Patient_02.nii,Dataset001_MSSEG_FLAIR_Annotator1,1,labelsTs_6,0.140355,0.246160,0.682952,0.999874,0.150137,0.999990,354.885655,49.106006,24.093767,0.603500,0.300000,1.000000,0.461538,,
Testing_Center_08_Patient_03.nii,Dataset001_MSSEG_FLAIR_Annotator1,1,labelsTs_6,0.312193,0.475834,0.789831,0.999954,0.340477,0.999994,131.977401,63.439334,21.385446,13.027567,0.555556,0.666667,0.606061,,
Testing_Center_08_Patient_04.nii,Dataset001_MSSEG_FLAIR_Annotator1,1,labelsTs_6,0.387669,0.558734,0.439263,0.999623,0.767471,0.998413,-42.764825,32.375655,1.957133,0.000033,0.652174,0.464286,0.542420,,
Testing_Center_08_Patient_05.nii,Dataset001_MSSEG_FLAIR_Annotator1,1,labelsTs_6,0.101959,0.185050,0.565460,0.999945,0.110627,0.999995,411.142061,95.022167,43.825424,17.977707,0.400000,1.000000,0.571429,,
Testing_Center_08_Patient_06.nii,Dataset001_MSSEG_FLAIR_Annotator1,1,labelsTs_6,0.601047,0.750817,0.673665,0.999840,0.847927,0.999569,-20.551611,20.562893,1.397669,0.020132,0.833333,0.601562,0.698730,,
Testing_Center_08_Patient_07.nii,Dataset001_MSSEG_FLAIR_Annotator1,1,labelsTs_6,0.661958,0.796600,0.761504,0.999613,0.835088,0.999387,-8.811549,24.010865,1.271773,0.000153,0.790698,0.711864,0.749213,,
Testing_Center_08_Patient_08.nii,Dataset001_MSSEG_FLAIR_Annotator1,1,labelsTs_6,0.706643,0.828108,0.760349,0.999992,0.909126,0.999975,-16.364812,53.646677,3.877592,1.023280,0.571429,1.000000,0.727273,,
Testing_Center_08_Patient_09.nii,Dataset001_MSSEG_FLAIR_Annotator1,1,labelsTs_6,0.485749,0.653878,0.718426,0.999483,0.599972,0.999696,19.743323,31.427973,1.176023,0.103195,0.860000,0.706667,0.775830,,
Testing_Center_08_Patient_10.nii,Dataset001_MSSEG_FLAIR_Annotator1,1,labelsTs_6,0.245289,0.393947,0.392312,0.999681,0.395596,0.999677,-0.830087,31.491054,6.183880,0.847501,0.704225,0.516129,0.595681,,
Testing_Center_01_Patient_01.nii,Dataset001_MSSEG_FLAIR_Annotator1,1,labelsTs_7,0.321508,0.486577,0.523466,0.999995,0.454545,0.999997,15.162455,47.908464,10.235249,4.853061,1.000000,0.250000,0.400000,,
Testing_Center_01_Patient_02.nii,Dataset001_MSSEG_FLAIR_Annotator1,1,labelsTs_7,0.630193,0.773152,0.873870,0.999087,0.693251,0.999702,26.053898,36.322432,0.976558,0.049898,0.925926,0.458333,0.613155,,
Testing_Center_01_Patient_03.nii,Dataset001_MSSEG_FLAIR_Annotator1,1,labelsTs_7,0.549513,0.709272,0.595093,0.999891,0.877667,0.999466,-32.196034,43.334050,2.942477,0.000030,1.000000,0.390625,0.561798,,
Testing_Center_01_Patient_04.nii,Dataset001_MSSEG_FLAIR_Annotator1,1,labelsTs_7,0.651965,0.789320,0.833778,0.999002,0.749364,0.999405,11.264759,33.321318,0.996217,0.015349,0.555556,0.277778,0.370370,,
Testing_Center_01_Patient_05.nii,Dataset001_MSSEG_FLAIR_Annotator1,1,labelsTs_7,0.543085,0.703895,0.613097,0.999802,0.826262,0.999406,-25.798712,26.064448,1.745679,0.002955,0.865385,0.349057,0.497460,,
Testing_Center_01_Patient_06.nii,Dataset001_MSSEG_FLAIR_Annotator1,1,labelsTs_7,0.477243,0.646126,0.640129,0.999002,0.652237,0.998947,-1.856342,21.726627,2.059816,0.022432,0.882353,0.310559,0.459418,,
Testing_Center_01_Patient_07.nii,Dataset001_MSSEG_FLAIR_Annotator1,1,labelsTs_7,0.197285,0.329554,0.211853,0.999961,0.741541,0.999587,-71.430740,46.496329,8.044488,0.948678,0.727273,0.180556,0.289291,,
Testing_Center_01_Patient_08.nii,Dataset001_MSSEG_FLAIR_Annotator1,1,labelsTs_7,0.557370,0.715784,0.695721,0.999512,0.737039,0.999402,-5.605923,47.009629,1.859016,0.028213,0.927273,0.375000,0.534031,,
Testing_Center_01_Patient_09.nii,Dataset001_MSSEG_FLAIR_Annotator1,1,labelsTs_7,0.260699,0.413578,0.366042,0.999981,0.475304,0.999970,-22.987872,58.672558,18.522695,8.095610,0.833333,0.277778,0.416667,,
Testing_Center_01_Patient_10.nii,Dataset001_MSSEG_FLAIR_Annotator1,1,labelsTs_7,0.466165,0.635897,0.736211,0.999853,0.559642,0.999933,31.550412,39.420899,4.600371,0.088599,0.636364,0.636364,0.636364,,
Testing_Center_03_Patient_01.nii,Dataset001_MSSEG_FLAIR_Annotator1,1,labelsTs_7,0.758982,0.862979,0.788974,0.999758,0.952304,0.998708,-17.150995,26.939353,0.904358,0.000000,0.805556,0.518519,0.630925,,
Testing_Center_03_Patient_02.nii,Dataset001_MSSEG_FLAIR_Annotator1,1,labelsTs_7,0.421874,0.593406,0.655593,0.999819,0.541995,0.999887,20.959175,55.490438,4.811294,0.472008,0.652174,0.607143,0.628853,,
Testing_Center_03_Patient_03.nii,Dataset001_MSSEG_FLAIR_Annotator1,1,labelsTs_7,0.225020,0.367374,0.677546,0.999860,0.252008,0.999978,168.858896,46.062486,17.948801,0.462795,0.333333,0.714286,0.454545,,
Testing_Center_03_Patient_04.nii,Dataset001_MSSEG_FLAIR_Annotator1,1,labelsTs_7,0.201294,0.335128,0.591459,0.999866,0.233802,0.999972,152.974574,49.684184,17.310985,0.190992,0.384615,0.625000,0.476190,,
Testing_Center_03_Patient_05.nii,Dataset001_MSSEG_FLAIR_Annotator1,1,labelsTs_7,0.471132,0.640503,0.851575,0.999781,0.513281,0.999960,65.908091,41.589050,3.708614,0.007776,0.642857,0.909091,0.753138,,
Testing_Center_03_Patient_06.nii,Dataset001_MSSEG_FLAIR_Annotator1,1,labelsTs_7,0.102205,0.185455,0.427221,0.999885,0.118433,0.999979,260.727788,48.464374,24.763554,13.345791,0.307692,0.857143,0.452830,,
Testing_Center_03_Patient_07.nii,Dataset001_MSSEG_FLAIR_Annotator1,1,labelsTs_7,0.629377,0.772537,0.676152,0.999765,0.900970,0.998975,-24.952944,35.599779,1.364268,0.000272,0.924528,0.452830,0.607909,,
Testing_Center_03_Patient_08.nii,Dataset001_MSSEG_FLAIR_Annotator1,1,labelsTs_7,0.400460,0.571898,0.851058,0.999620,0.430641,0.999950,97.626008,41.092035,9.091902,1.993410,0.542857,0.678571,0.603175,,
Testing_Center_07_Patient_01.nii,Dataset001_MSSEG_FLAIR_Annotator1,1,labelsTs_7,0.478088,0.646900,0.695652,0.999807,0.604534,0.999871,15.072464,32.023877,1.904622,0.284271,0.800000,0.631579,0.705882,,
Testing_Center_07_Patient_02.nii,Dataset001_MSSEG_FLAIR_Annotator1,1,labelsTs_7,0.346039,0.514159,0.533410,0.999936,0.496249,0.999945,7.488479,30.601187,4.184637,0.049789,1.000000,0.344828,0.512821,,
Testing_Center_07_Patient_03.nii,Dataset001_MSSEG_FLAIR_Annotator1,1,labelsTs_7,0.502551,0.668930,0.675095,0.999802,0.662877,0.999813,1.843100,42.922880,2.045935,0.395070,0.739130,0.456522,0.564427,,
Testing_Center_07_Patient_04.nii,Dataset001_MSSEG_FLAIR_Annotator1,1,labelsTs_7,0.516774,0.681412,0.786758,0.999195,0.600947,0.999671,30.919713,36.185329,1.473052,0.054779,0.833333,0.454545,0.588235,,
Testing_Center_07_Patient_05.nii,Dataset001_MSSEG_FLAIR_Annotator1,1,labelsTs_7,0.487057,0.655061,0.627160,0.999968,0.685560,0.999959,-8.518519,21.649648,2.730972,0.046570,0.909091,0.588235,0.714286,,
Testing_Center_07_Patient_06.nii,Dataset001_MSSEG_FLAIR_Annotator1,1,labelsTs_7,0.290261,0.449926,0.305982,0.999982,0.849607,0.999766,-63.985449,29.230511,4.644618,0.006261,0.857143,0.384615,0.530973,,
Testing_Center_07_Patient_07.nii,Dataset001_MSSEG_FLAIR_Annotator1,1,labelsTs_7,0.363406,0.533086,0.661982,0.999041,0.446204,0.999605,48.358721,23.885848,1.883824,0.001011,0.787879,0.500000,0.611765,,
Testing_Center_07_Patient_08.nii,Dataset001_MSSEG_FLAIR_Annotator1,1,labelsTs_7,0.000000,0.000000,0.000000,1.000000,-nan,0.999997,-100.000000,nan,nan,nan,0.000000,0.000000,0.000000,,
Testing_Center_07_Patient_09.nii,Dataset001_MSSEG_FLAIR_Annotator1,1,labelsTs_7,0.527319,0.690516,0.758489,0.999030,0.633724,0.999466,19.687616,19.313039,1.484374,0.005853,0.850000,0.412371,0.555329,,
Testing_Center_07_Patient_10.nii,Dataset001_MSSEG_FLAIR_Annotator1,1,labelsTs_7,0.536103,0.698004,0.752319,0.999395,0.651004,0.999628,15.563034,22.163253,1.575237,0.034480,0.769231,0.388889,0.516605,,
Testing_Center_08_Patient_01.nii,Dataset001_MSSEG_FLAIR_Annotator1,1,labelsTs_7,0.674421,0.805558,0.796110,0.999663,0.815232,0.999619,-2.345571,24.331193,1.109598,0.001666,0.645161,0.500000,0.563380,,
Testing_Center_08_Patient_02.nii,Dataset001_MSSEG_FLAIR_Annotator1,1,labelsTs_7,0.490650,0.658304,0.620077,0.999956,0.701554,0.999936,-11.613815,31.763797,3.962407,0.071129,1.000000,0.437500,0.608696,,
Testing_Center_08_Patient_03.nii,Dataset001_MSSEG_FLAIR_Annotator1,1,labelsTs_7,0.211047,0.348536,0.234846,0.999977,0.675597,0.999847,-65.238740,57.660140,21.865345,3.749705,0.777778,0.147541,0.248031,,
Testing_Center_08_Patient_04.nii,Dataset001_MSSEG_FLAIR_Annotator1,1,labelsTs_7,0.375173,0.545638,0.388731,0.999862,0.914942,0.997670,-57.513018,38.673643,3.860456,0.000008,0.695652,0.160920,0.261377,,
Testing_Center_08_Patient_05.nii,Dataset001_MSSEG_FLAIR_Annotator1,1,labelsTs_7,0.089353,0.164047,0.830846,0.999943,0.091008,0.999999,812.935323,95.246207,44.162613,19.222034,0.400000,1.000000,0.571429,,
Testing_Center_08_Patient_06.nii,Dataset001_MSSEG_FLAIR_Annotator1,1,labelsTs_7,0.544831,0.705360,0.576848,0.999903,0.907545,0.999302,-36.438672,23.135299,1.751143,0.018707,0.916667,0.574627,0.706422,,
Testing_Center_08_Patient_07.nii,Dataset001_MSSEG_FLAIR_Annotator1,1,labelsTs_7,0.691793,0.817822,0.760487,0.999729,0.884508,0.999347,-14.021469,21.798592,1.190265,0.000390,0.837209,0.578947,0.684529,,
Testing_Center_08_Patient_08.nii,Dataset001_MSSEG_FLAIR_Annotator1,1,labelsTs_7,0.565869,0.722754,0.601490,0.999992,0.905259,0.999947,-33.556012,46.590009,8.799205,0.350346,0.571429,0.238095,0.336134,,
Testing_Center_08_Patient_09.nii,Dataset001_MSSEG_FLAIR_Annotator1,1,labelsTs_7,0.468844,0.638385,0.501100,0.999844,0.879278,0.998868,-43.010015,30.874516,2.781563,0.050614,0.940000,0.340541,0.499958,,
Testing_Center_08_Patient_10.nii,Dataset001_MSSEG_FLAIR_Annotator1,1,labelsTs_7,0.391936,0.563152,0.433095,0.999897,0.804842,0.999444,-46.188760,30.932784,2.196983,0.114089,0.676056,0.335616,0.448555,,
